gkz,name,soll,sollprokopf
10101,Eisenstadt,0,0
10201,Rust,0,0
10301,Breitenbrunn am Neusiedler See,0,0
10302,Donnerskirchen,0,0
10303,Großhöflein,0,0
10304,Hornstein,0,0
10305,Klingenbach,0,0
10306,Leithaprodersdorf,0,0
10307,Mörbisch am See,0,0
10308,Müllendorf,0,0
10309,Neufeld an der Leitha,0,0
10310,Oggau am Neusiedler See,0,0
10311,Oslip,0,0
10312,Purbach am Neusiedler See,0,0
10313,Sankt Margarethen im Burgenland,0,0
10314,Schützen am Gebirge,0,0
10315,Siegendorf,0,0
10316,Steinbrunn,0,0
10317,Trausdorf an der Wulka,0,0
10318,Wimpassing an der Leitha,2310,1.55
10319,Wulkaprodersdorf,0,0
10320,Loretto,0,0
10321,Stotzing,0,0
10322,Zillingtal,0,0
10323,Zagersdorf,0,0
10401,Bocksdorf,0,0
10402,Burgauberg-Neudauberg,0,0
10403,Eberau,0,0
10404,Gerersdorf-Sulz,0,0
10405,Güssing,0,0
10406,Güttenbach,0,0
10407,Heiligenbrunn,0,0
10408,Kukmirn,0,0
10409,Neuberg im Burgenland,0,0
10410,Neustift bei Güssing,0,0
10411,Olbendorf,0,0
10412,Ollersdorf im Burgenland,0,0
10413,Sankt Michael im Burgenland,0,0
10414,Stegersbach,0,0
10415,Stinatz,0,0
10416,Strem,0,0
10417,Tobaj,0,0
10418,Hackerberg,0,0
10419,Wörterberg,0,0
10420,Großmürbisch,0,0
10421,Inzenhof,0,0
10422,Kleinmürbisch,0,0
10423,Tschanigraben,0,0
10424,Heugraben,0,0
10425,Rohr im Burgenland,0,0
10426,Bildein,0,0
10427,Rauchwart,0,0
10428,Moschendorf,0,0
10501,Deutsch Kaltenbrunn,0,0
10502,Eltendorf,0,0
10503,Heiligenkreuz im Lafnitztal,0,0
10504,Jennersdorf,0,0
10505,Minihof-Liebau,0,0
10506,Mogersdorf,0,0
10507,Neuhaus am Klausenbach,0,0
10508,Rudersdorf,0,0
10509,Sankt Martin an der Raab,0,0
10510,Weichselbaum,0,0
10511,Königsdorf,0,0
10512,Mühlgraben,0,0
10601,Draßburg,0,0
10602,Forchtenstein,0,0
10603,Hirm,0,0
10604,Loipersbach im Burgenland,0,0
10605,Marz,0,0
10606,Mattersburg,0,0
10607,Neudörfl,0,0
10608,Pöttelsdorf,0,0
10609,Pöttsching,0,0
10610,Rohrbach bei Mattersburg,0,0
10611,Bad Sauerbrunn,0,0
10612,Schattendorf,0,0
10613,Sieggraben,0,0
10614,Sigleß,0,0
10615,Wiesen,0,0
10616,Antau,0,0
10617,Baumgarten,0,0
10618,Zemendorf-Stöttera,0,0
10619,Krensdorf,0,0
10701,Andau,0,0
10702,Apetlon,0,0
10703,Bruckneudorf,0,0
10704,Deutsch Jahrndorf,0,0
10705,Frauenkirchen,0,0
10706,Gattendorf,0,0
10707,Gols,0,0
10708,Halbturn,0,0
10709,Illmitz,0,0
10710,Jois,0,0
10711,Kittsee,0,0
10712,Mönchhof,0,0
10713,Neusiedl am See,0,0
10714,Nickelsdorf,0,0
10715,Pama,0,0
10716,Pamhagen,0,0
10717,Parndorf,0,0
10718,Podersdorf am See,0,0
10719,Sankt Andrä am Zicksee,0,0
10720,Tadten,0,0
10721,Wallern im Burgenland,0,0
10722,Weiden am See,0,0
10723,Winden am See,0,0
10724,Zurndorf,0,0
10725,Neudorf,0,0
10726,Potzneusiedl,0,0
10727,Edelstal,0,0
10801,Deutschkreutz,0,0
10802,Draßmarkt,0,0
10803,Frankenau-Unterpullendorf,0,0
10804,Großwarasdorf,0,0
10805,Horitschon,0,0
10806,Kaisersdorf,0,0
10807,Kobersdorf,0,0
10808,Lackenbach,0,0
10809,Lockenhaus,0,0
10810,Lutzmannsburg,0,0
10811,Mannersdorf an der Rabnitz,0,0
10812,Markt Sankt Martin,0,0
10813,Neckenmarkt,0,0
10814,Neutal,0,0
10815,Nikitsch,0,0
10816,Oberpullendorf,0,0
10817,Pilgersdorf,0,0
10818,Piringsdorf,0,0
10819,Raiding,0,0
10820,Ritzing,0,0
10821,Steinberg-Dörfl,0,0
10822,Stoob,0,0
10823,Weppersdorf,0,0
10824,Lackendorf,0,0
10825,Unterfrauenhaid,0,0
10826,Unterrabnitz-Schwendgraben,0,0
10827,Weingraben,0,0
10828,Oberloisdorf,0,0
10901,Bad Tatzmannsdorf,0,0
10902,Bernstein,0,0
10903,Deutsch Schützen-Eisenberg,0,0
10904,Grafenschachen,0,0
10905,Großpetersdorf,0,0
10906,Hannersdorf,0,0
10907,Kemeten,0,0
10908,Kohfidisch,0,0
10909,Litzelsdorf,0,0
10910,Loipersdorf-Kitzladen,0,0
10911,Mariasdorf,0,0
10912,Markt Allhau,0,0
10913,Markt Neuhodis,0,0
10914,Mischendorf,0,0
10915,Oberdorf im Burgenland,0,0
10916,Oberschützen,0,0
10917,Oberwart,0,0
10918,Pinkafeld,0,0
10919,Rechnitz,0,0
10920,Riedlingsdorf,0,0
10921,Rotenturm an der Pinka,0,0
10922,Schachendorf,0,0
10923,Stadtschlaining,0,0
10924,Unterkohlstätten,0,0
10925,Unterwart,0,0
10926,Weiden bei Rechnitz,0,0
10927,Wiesfleck,0,0
10928,Wolfau,0,0
10929,Neustift an der Lafnitz,0,0
10930,Jabing,0,0
10931,Badersdorf,0,0
10932,Schandorf,0,0
20101,Klagenfurt am Wörthersee,315000,3.16
20201,Villach,507022,8.22
20302,Dellach,0,0
20305,Hermagor-Pressegger See,0,0
20306,Kirchbach,0,0
20307,Kötschach-Mauthen,0,0
20316,Sankt Stefan im Gailtal,0,0
20320,Gitschtal,0,0
20321,Lesachtal,0,0
20402,Ebenthal in Kärnten,0,0
20403,Feistritz im Rosental,0,0
20405,Ferlach,0,0
20409,Grafenstein,0,0
20412,Keutschach am See,0,0
20414,Köttmannsdorf,0,0
20415,Krumpendorf am Wörthersee,0,0
20416,Ludmannsdorf,0,0
20417,Maria Rain,0,0
20418,Maria Saal,2300,0.6
20419,Maria Wörth,0,0
20421,Moosburg,0,0
20424,Pörtschach am Wörther See,0,0
20425,Poggersdorf,0,0
20428,Sankt Margareten im Rosental,0,0
20432,Schiefling am Wörthersee,0,0
20435,Techelsberg am Wörther See,175,0.08
20441,Zell,0,0
20442,Magdalensberg,0,0
20501,Althofen,0,0
20502,Brückl,0,0
20503,Deutsch-Griffen,0,0
20504,Eberstein,0,0
20505,Friesach,0,0
20506,Glödnitz,0,0
20508,Gurk,0,0
20509,Guttaring,0,0
20511,Hüttenberg,0,0
20512,Kappel am Krappfeld,0,0
20513,Klein Sankt Paul,0,0
20515,Liebenfels,0,0
20518,Metnitz,0,0
20519,Micheldorf,0,0
20520,Mölbling,0,0
20523,Sankt Georgen am Längsee,0,0
20527,Sankt Veit an der Glan,0,0
20530,Straßburg,0,0
20531,Weitensfeld im Gurktal,0,0
20534,Frauenstein,0,0
20601,Bad Kleinkirchheim,0,0
20602,Baldramsdorf,0,0
20603,Berg im Drautal,0,0
20604,Dellach im Drautal,0,0
20605,Großkirchheim,0,0
20607,Flattach,0,0
20608,Gmünd in Kärnten,0,0
20609,Greifenburg,0,0
20610,Heiligenblut am Großglockner,0,0
20611,Irschen,0,0
20613,Kleblach-Lind,0,0
20616,Lendorf,0,0
20618,Mallnitz,0,0
20619,Malta,0,0
20620,Millstatt am See,0,0
20622,Mörtschach,0,0
20624,Mühldorf,0,0
20625,Oberdrauburg,0,0
20627,Obervellach,0,0
20630,Radenthein,0,0
20631,Rangersdorf,0,0
20632,Rennweg am Katschberg,0,0
20633,Sachsenburg,0,0
20634,Seeboden am Millstätter See,0,0
20635,Spittal an der Drau,0,0
20636,Stall,0,0
20637,Steinfeld,0,0
20638,Trebesing,0,0
20639,Weißensee,0,0
20640,Winklern,0,0
20642,Krems in Kärnten,0,0
20643,Lurnfeld,0,0
20644,Reißeck,0,0
20701,Afritz am See,0,0
20702,Arnoldstein,0,0
20703,Arriach,0,0
20705,Bad Bleiberg,0,0
20707,Feistritz an der Gail,0,0
20708,Feld am See,0,0
20710,Ferndorf,0,0
20711,Finkenstein am Faaker See,0,0
20712,Fresach,0,0
20713,Hohenthurn,0,0
20719,Nötsch im Gailtal,0,0
20720,Paternion,0,0
20721,Rosegg,0,0
20722,Sankt Jakob im Rosental,0,0
20723,Stockenboi,0,0
20724,Treffen am Ossiacher See,0,0
20725,Velden am Wörther See,0,0
20726,Weißenstein,0,0
20727,Wernberg,0,0
20801,Bleiburg,0,0
20802,Diex,0,0
20803,Eberndorf,0,0
20804,Eisenkappel-Vellach,0,0
20805,Feistritz ob Bleiburg,2793,1.29
20806,Gallizien,0,0
20807,Globasnitz,0,0
20808,Griffen,0,0
20810,Neuhaus,0,0
20812,Ruden,0,0
20813,Sankt Kanzian am Klopeiner See,0,0
20815,Sittersdorf,0,0
20817,Völkermarkt,0,0
20901,Bad Sankt Leonhard im Lavanttal,0,0
20905,Frantschach-Sankt Gertraud,0,0
20909,Lavamünd,0,0
20911,Preitenegg,0,0
20912,Reichenfels,0,0
20913,Sankt Andrä,0,0
20914,Sankt Georgen im Lavanttal,0,0
20918,Sankt Paul im Lavanttal,0,0
20923,Wolfsberg,0,0
21001,Albeck,0,0
21002,Feldkirchen in Kärnten,0,0
21003,Glanegg,0,0
21004,Gnesau,0,0
21005,Himmelberg,0,0
21006,Ossiach,0,0
21007,Reichenau,0,0
21008,Sankt Urban,0,0
21009,Steindorf am Ossiacher See,0,0
21010,Steuerberg,0,0
30101,Krems an der Donau,0,0
30201,Sankt Pölten,104573,1.93
30301,Waidhofen an der Ybbs,15682,1.38
30401,Wiener Neustadt,0,0
30501,Allhartsberg,3055,1.45
30502,Amstetten,197821,8.37
30503,Ardagger,4708,1.34
30504,Aschbach-Markt,5051,1.34
30506,Behamberg,4927,1.48
30507,Biberbach,3106,1.38
30508,Ennsdorf,4924,1.62
30509,Ernsthofen,3410,1.55
30510,Ertl,2063,1.64
30511,Euratsfeld,3497,1.33
30512,Ferschnitz,2314,1.33
30514,Haag,0,0
30515,Haidershofen,4976,1.36
30516,Hollenstein an der Ybbs,2846,1.67
30517,Kematen an der Ybbs,3403,1.31
30520,Neuhofen an der Ybbs,3898,1.33
30521,Neustadtl an der Donau,2876,1.34
30522,Oed-Oehling,2336,1.23
30524,Opponitz,0,0
30526,Sankt Georgen am Reith,795,1.33
30527,Sankt Georgen am Ybbsfelde,4468,1.58
30529,Sankt Pantaleon-Erla,0,0
30530,Sankt Peter in der Au,6932,1.35
30531,Sankt Valentin,15110,1.62
30532,Seitenstetten,4726,1.4
30533,Sonntagberg,5302,1.38
30534,Strengberg,6278,3.08
30536,Viehdorf,1971,1.41
30538,Wallsee-Sindelburg,3019,1.39
30539,Weistrach,3013,1.37
30541,Winklarn,3308,1.99
30542,Wolfsbach,2536,1.27
30543,Ybbsitz,4998,1.45
30544,Zeillern,633,0.34
30601,Alland,2015,0.75
30602,Altenmarkt an der Triesting,1773,0.82
30603,Bad Vöslau,8261,0.7
30604,Baden,18318,0.7
30605,Berndorf,0,0
30607,Ebreichsdorf,7282,0.68
30608,Enzesfeld-Lindabrunn,3689,0.88
30609,Furth an der Triesting,1130,1.33
30612,Günselsdorf,1352,0.78
30613,Heiligenkreuz,1137,0.74
30614,Hernstein,2224,1.45
30615,Hirtenberg,2208,0.85
30616,Klausen-Leopoldsdorf,1180,0.71
30618,Kottingbrunn,5659,0.76
30620,Leobersdorf,3910,0.8
30621,Mitterndorf an der Fischa,19795,7.65
30623,Oberwaltersdorf,5088,1.15
30625,Pfaffstätten,0,0
30626,Pottendorf,0,0
30627,Pottenstein,3271,1.12
30629,Reisenberg,1143,0.69
30631,Schönau an der Triesting,2335,1.11
30633,Seibersdorf,1503,1.03
30635,Sooß,1014,0.96
30636,Tattendorf,1303,0.91
30637,Teesdorf,1465,0.8
30639,Traiskirchen,15262,0.81
30641,Trumau,3704,1.01
30645,Weissenbach an der Triesting,2200,1.26
30646,Blumau-Neurißhof,1332,0.72
30701,Au am Leithaberge,3537,3.79
30702,Bad Deutsch-Altenburg,0,0
30703,Berg,3338,3.97
30704,Bruck an der Leitha,0,0
30706,Enzersdorf an der Fischa,9080,2.93
30708,Göttlesbrunn-Arbesthal,7629,5.52
30709,Götzendorf an der Leitha,6053,2.92
30710,Hainburg an der Donau,16712,2.56
30711,Haslau-Maria Ellend,5493,2.81
30712,Höflein,5872,4.78
30713,Hof am Leithaberge,5558,3.59
30715,Hundsheim,3264,5.59
30716,Mannersdorf am Leithagebirge,11037,2.7
30718,Petronell-Carnuntum,5737,4.5
30719,Prellenkirchen,5978,3.84
30721,Rohrau,5468,3.41
30722,Scharndorf,5834,5.08
30724,Sommerein,5468,2.8
30726,Trautmannsdorf an der Leitha,9107,3.18
30728,Wolfsthal,3264,3.24
30729,Ebergassing,10941,2.79
30730,Fischamend,15842,2.88
30731,Gramatneusiedl,10896,3.37
30732,Himberg,20142,2.72
30733,Klein-Neusiedl,4137,4.5
30734,Lanzendorf,6830,3.71
30735,Leopoldsdorf,15842,3.12
30736,Maria-Lanzendorf,10896,5.15
30737,Moosbrunn,7669,4.35
30738,Rauchenwarth,3917,5.34
30739,Schwadorf,7837,3.71
30740,Schwechat,0,0
30741,Zwölfaxing,6581,3.8
30801,Aderklaa,236,1.14
30802,Andlersdorf,681,5.12
30803,Angern an der March,5788,1.71
30804,Auersthal,4228,2.2
30805,Bad Pirawarth,3501,2.11
30808,Deutsch-Wagram,41090,4.83
30810,Drösing,3386,3
30811,Dürnkrut,4935,2.19
30812,Ebenthal,1416,1.56
30813,Eckartsau,3637,2.86
30814,Engelhartstetten,3849,1.94
30817,Gänserndorf,13033,1.16
30819,Glinzendorf,1023,3.75
30821,Groß-Enzersdorf,10750,0.99
30822,Großhofen,681,7.17
30824,Groß-Schweinbarth,3441,2.74
30825,Haringsee,3386,2.85
30826,Hauskirchen,3574,2.9
30827,Hohenau an der March,4866,1.79
30828,Hohenruppersdorf,2197,2.41
30829,Jedenspeigen,3386,3.16
30830,Lassee,4609,1.69
30831,Leopoldsdorf im Marchfelde,4404,1.56
30834,Mannsdorf an der Donau,0,0
30835,Marchegg,4404,1.51
30836,Markgrafneusiedl,1494,1.79
30838,Matzen-Raggendorf,4404,1.58
30841,Neusiedl an der Zaya,3668,2.9
30842,Obersiebenbrunn,3386,2.01
30844,Orth an der Donau,7050,3.41
30845,Palterndorf-Dobermannsdorf,3386,2.55
30846,Parbasdorf,0,0
30848,Prottes,3471,2.43
30849,Raasdorf,1564,2.4
30850,Ringelsdorf-Niederabsdorf,3386,2.7
30852,Schönkirchen-Reyersdorf,3533,1.79
30854,Spannberg,300,0.3
30856,Strasshof an der Nordbahn,10750,1.1
30857,Sulz im Weinviertel,3386,2.84
30858,Untersiebenbrunn,3728,2.16
30859,Velm-Götzendorf,1490,2.06
30860,Weikendorf,3386,1.68
30863,Zistersdorf,8665,1.62
30865,Weiden an der March,1416,1.42
30902,Amaliendorf-Aalfang,3553,3.17
30903,Brand-Nagelberg,5066,3.18
30904,Eggern,3134,4.52
30906,Eisgarn,2320,3.41
30908,Gmünd,17260,3.13
30909,Großdietmanns,7105,3.21
30910,Bad Großpertholz,4331,3.15
30912,Großschönau,4748,3.92
30913,Moorbad Harbach,2180,3.06
30915,Haugschlag,1588,3.26
30916,Heidenreichstein,13325,3.24
30917,Hirschbach,1864,3.13
30920,Hoheneich,4319,3.06
30921,Kirchberg am Walde,4262,3.23
30925,Litschau,7146,3.11
30929,Reingers,2353,3.64
30932,Sankt Martin,3496,3.08
30935,Schrems,17259,3.15
30939,Unserfrau-Altweitra,3328,3.31
30940,Waldenstein,4141,3.48
30942,Weitra,8873,3.29
31001,Alberndorf im Pulkautal,3337,4.43
31008,Göllersdorf,9555,3.18
31009,Grabern,148,0.09
31014,Guntersdorf,5468,4.85
31015,Hadres,0,0
31016,Hardegg,5468,4.23
31018,Haugsdorf,73,0.05
31019,Heldenberg,5468,4.33
31021,Hohenwarth-Mühlbach am Manhartsberg,5964,4.6
31022,Hollabrunn,24855,2.12
31025,Mailberg,3264,5.81
31026,Maissau,5468,2.84
31028,Nappersdorf-Kammersdorf,5468,4.38
31033,Pernersdorf,5468,5.33
31035,Pulkau,6250,4.06
31036,Ravelsbach,5633,3.53
31037,Retz,13403,3.09
31038,Retzbach,5468,5.45
31041,Schrattenthal,3264,3.82
31042,Seefeld-Kadolz,9792,10.53
31043,Sitzendorf an der Schmida,9080,4.21
31051,Wullersdorf,9130,3.83
31052,Zellerndorf,9080,3.71
31053,Ziersdorf,0,0
31101,Altenburg,0,0
31102,Brunn an der Wild,0,0
31103,Burgschleinitz-Kühnring,4084,2.95
31104,Drosendorf-Zissersdorf,3684,3.07
31105,Eggenburg,0,0
31106,Gars am Kamp,9505,2.68
31107,Geras,4374,3.22
31109,Horn,0,0
31110,Irnfritz-Messern,4374,3.07
31111,Japons,3060,4.15
31113,Langau,2666,3.92
31114,Meiseldorf,2611,2.95
31117,Pernegg,0,0
31119,Röhrenbach,2600,4.92
31120,Röschitz,2993,2.85
31121,Rosenburg-Mold,2611,3.17
31123,Sankt Bernhard-Frauenhofen,4574,3.55
31124,Sigmundsherberg,4423,2.71
31129,Weitersfeld,4374,2.74
31130,Straning-Grafenberg,2777,3.61
31201,Bisamberg,12932,2.78
31202,Enzersfeld im Weinviertel,5671,3.37
31203,Ernstbrunn,11550,3.63
31204,Großmugl,5468,3.51
31205,Großrußbach,9154,4.17
31206,Hagenbrunn,9080,4.06
31207,Harmannsdorf,11136,2.82
31208,Hausleiten,0,0
31213,Korneuburg,74652,5.82
31214,Langenzersdorf,20763,2.53
31215,Leitzersdorf,5650,4.63
31216,Leobendorf,13276,2.72
31224,Rußbach,5468,3.86
31226,Sierndorf,11037,2.86
31227,Spillern,9883,4.54
31228,Stetteldorf am Wagram,5910,5.65
31229,Stetten,5468,3.99
31230,Stockerau,0,0
31234,Niederhollabrunn,3828,2.5
31235,Gerasdorf bei Wien,23666,2.18
31301,Aggsbach,950,1.49
31302,Albrechtsberg an der Großen Krems,1627,1.57
31303,Bergern im Dunkelsteinerwald,1751,1.39
31304,Dürnstein,0,0
31308,Grafenegg,4347,1.42
31309,Furth bei Göttweig,965,0.32
31310,Gedersdorf,3142,1.46
31311,Gföhl,0,0
31315,Hadersdorf-Kammern,3131,1.57
31319,Jaidhof,2006,1.65
31321,Krumau am Kamp,1113,1.48
31322,Langenlois,11085,1.44
31323,Lengenfeld,2478,1.74
31324,Lichtenau im Waldviertel,2968,1.45
31326,Maria Laach am Jauerling,1616,1.75
31327,Mautern an der Donau,5167,1.44
31330,Mühldorf,2215,1.63
31333,Paudorf,4180,1.64
31336,Rastenfeld,2431,1.57
31337,Rohrendorf bei Krems,2997,1.44
31338,Rossatz-Arnsdorf,1524,1.41
31340,Sankt Leonhard am Hornerwald,1724,1.52
31343,Senftenberg,2732,1.42
31344,Spitz,2456,1.51
31346,Straß im Straßertale,2397,1.44
31347,Stratzing,1500,1.81
31350,Weinzierl am Walde,1794,1.44
31351,Weißenkirchen in der Wachau,2117,1.45
31355,Schönberg am Kamp,2754,1.44
31356,Droß,1450,1.48
31401,Annaberg,880,1.61
31402,Eschenau,1228,0.92
31403,Hainfeld,3790,1.01
31404,Hohenberg,1542,1
31405,Kaumberg,1146,1.13
31406,Kleinzell,1027,1.21
31407,Lilienfeld,2877,1
31408,Mitterbach am Erlaufsee,981,1.91
31409,Ramsau,735,0.88
31410,Rohrbach an der Gölsen,1846,1.17
31411,Sankt Aegyd am Neuwalde,2283,1.17
31412,Sankt Veit an der Gölsen,4276,1.09
31413,Traisen,3728,1.05
31414,Türnitz,2068,1.08
31502,Artstetten-Pöbring,3199,2.72
31503,Bergland,4971,2.61
31504,Bischofstetten,3036,2.58
31505,Blindenmarkt,5729,2.13
31506,Dorfstetten,1891,3.24
31507,Dunkelsteinerwald,5979,2.51
31508,Erlauf,2666,2.49
31509,Golling an der Erlauf,0,0
31511,Hofamt Priel,5021,2.96
31513,Hürm,15065,8.54
31514,Kilb,7231,2.8
31515,Kirnberg an der Mank,2648,2.45
31516,Klein-Pöchlarn,2276,2.36
31517,Krummnußbaum,3929,2.64
31519,Leiben,3461,2.54
31520,Loosdorf,0,0
31521,Mank,6950,2.17
31522,Marbach an der Donau,4632,2.79
31523,Maria Taferl,2138,2.37
31524,Melk,11436,2.12
31525,Münichreith-Laimbach,4702,2.82
31527,Neumarkt an der Ybbs,6275,3.27
31528,Nöchling,2859,2.64
31530,Persenbeug-Gottsdorf,8880,4.04
31531,Petzenkirchen,3182,2.42
31533,Pöchlarn,7866,1.98
31534,Pöggstall,6388,2.59
31535,Raxendorf,3367,3.26
31537,Ruprechtshofen,5409,2.38
31539,Sankt Leonhard am Forst,0,0
31540,Sankt Martin-Karlsbach,4351,2.61
31541,Sankt Oswald,2936,2.61
31542,Schönbühel-Aggsbach,2675,2.74
31543,Schollach,2540,2.62
31546,Weiten,3135,2.83
31549,Ybbs an der Donau,10989,1.94
31550,Zelking-Matzleinsdorf,2995,2.37
31551,Texingtal,3654,2.26
31552,Yspertal,5493,2.74
31553,Emmersdorf an der Donau,0,0
31601,Altlichtenwarth,196,0.25
31603,Asparn an der Zaya,3360,1.84
31604,Bernhardsthal,0,0
31605,Bockfließ,146,0.11
31606,Drasenhofen,0,0
31608,Falkenstein,0,0
31609,Fallbach,127,0.16
31611,Gaubitsch,220,0.25
31612,Gaweinstal,31731,8.1
31613,Gnadendorf,110,0.1
31614,Großebersdorf,0,0
31615,Großengersdorf,0,0
31616,Großharras,123,0.11
31617,Großkrut,3209,2.04
31620,Hausbrunn,1883,2.21
31621,Herrnbaumgarten,0,0
31622,Hochleithen,2466,2.12
31627,Kreuttal,2935,2.09
31628,Kreuzstetten,3297,2.1
31629,Laa an der Thaya,9100,1.46
31630,Ladendorf,4262,1.88
31633,Mistelbach,44718,3.87
31634,Neudorf bei Staatz,0,0
31636,Niederleis,196,0.23
31642,Pillichsdorf,2435,2.1
31644,Poysdorf,0,0
31645,Rabensburg,0,0
31646,Schrattenberg,0,0
31649,Staatz,3722,1.89
31650,Stronsdorf,395,0.25
31651,Ulrichskirchen-Schleinbach,0,0
31652,Unterstinkenbrunn,73,0.13
31653,Wildendürnbach,147,0.09
31654,Wilfersdorf,3863,1.76
31655,Wolkersdorf im Weinviertel,11820,1.65
31658,Ottenthal,73,0.13
31701,Achau,73,0.05
31702,Biedermannsdorf,0,0
31703,Breitenfurt bei Wien,195,0.03
31704,Brunn am Gebirge,50306,4.3
31706,Gaaden,274,0.17
31707,Gießhübl,0,0
31709,Gumpoldskirchen,75,0.02
31710,Guntramsdorf,630,0.07
31711,Hennersdorf,0,0
31712,Hinterbrühl,0,0
31713,Kaltenleutgeben,0,0
31714,Laab im Walde,0,0
31715,Laxenburg,0,0
31716,Maria Enzersdorf,0,0
31717,Mödling,18768,0.91
31718,Münchendorf,0,0
31719,Perchtoldsdorf,15520,1.04
31723,Vösendorf,223,0.03
31725,Wiener Neudorf,678,0.07
31726,Wienerwald,0,0
31801,Altendorf,811,2.39
31802,Aspang-Markt,2544,1.41
31803,Aspangberg-Sankt Peter,2832,1.47
31804,Breitenau,1909,1.22
31805,Breitenstein,566,1.77
31806,Buchbach,833,2.49
31807,Edlitz,1409,1.48
31808,Enzenreith,2819,1.45
31809,Feistritz am Wechsel,1402,1.35
31810,Gloggnitz,16321,2.71
31811,Grafenbach-Sankt Valentin,2835,1.25
31812,Grimmenstein,2153,1.59
31813,Grünbach am Schneeberg,2090,1.24
31814,Kirchberg am Wechsel,3046,1.22
31815,Mönichkirchen,1649,2.72
31817,Natschbach-Loipersbach,1252,0.73
31818,Neunkirchen,0,0
31820,Otterthal,756,1.25
31821,Payerbach,2540,1.23
31823,Pitten,3874,1.46
31825,Prigglitz,1090,2.59
31826,Puchberg am Schneeberg,3764,1.4
31827,Raach am Hochgebirge,1274,4.28
31829,Reichenau an der Rax,3512,1.37
31830,Sankt Corona am Wechsel,496,1.27
31831,Sankt Egyden am Steinfeld,2371,1.25
31832,Scheiblingkirchen-Thernberg,2361,1.26
31833,Schottwien,0,0
31834,Schrattenbach,444,1.21
31835,Schwarzau am Steinfeld,2505,1.31
31836,Schwarzau im Gebirge,849,1.28
31837,Seebenstein,2268,1.6
31838,Semmering,899,1.63
31839,Ternitz,0,0
31840,Thomasberg,1780,1.42
31841,Trattenbach,0,0
31842,Bürg-Vöstenhof,410,2.29
31843,Warth,1976,1.3
31844,Wartmannstetten,2078,1.28
31845,Willendorf,1181,1.22
31846,Wimpassing im Schwarzatale,2081,1.26
31847,Würflach,2042,1.3
31848,Zöbern,1860,1.3
31849,Höflein an der Hohen Wand,1208,1.36
31901,Altlengbach,5286,1.86
31902,Asperhofen,1274,0.57
31903,Böheimkirchen,9706,1.92
31904,Brand-Laaben,4154,3.39
31905,Eichgraben,8445,1.86
31906,Frankenfels,0,0
31907,Gerersdorf,1763,1.82
31909,Hofstetten-Grünau,4986,1.88
31910,Hafnerbach,3023,1.81
31911,Haunoldstein,75,0.07
31912,Herzogenburg,15313,1.98
31913,Inzersdorf-Getzersdorf,2821,1.8
31915,Kapelln,3005,2.17
31916,Karlstetten,4018,1.85
31917,Kasten bei Böheimkirchen,2563,1.82
31918,Kirchberg an der Pielach,6045,1.88
31919,Kirchstetten,4031,1.86
31920,Loich,1178,1.93
31921,Maria-Anzbach,5516,1.81
31922,Markersdorf-Haindorf,0,0
31923,Michelbach,1694,1.86
31925,Neidling,2903,1.99
31926,Neulengbach,185,0.02
31927,Neustift-Innermanzing,3154,2.06
31928,Nußdorf ob der Traisen,1628,0.93
31929,Ober-Grafendorf,0,0
31930,Obritzberg-Rust,4766,2.07
31932,Prinzersdorf,3220,2
31934,Pyhra,6619,1.87
31935,Rabenstein an der Pielach,0,0
31938,Sankt Margarethen an der Sierning,1983,1.96
31939,Schwarzenbach an der Pielach,760,2.09
31940,Statzendorf,2662,1.94
31941,Stössing,1498,1.84
31943,Traismauer,0,0
31945,Weinburg,3415,2.55
31946,Weißenkirchen an der Perschling,3149,2.32
31947,Wilhelmsburg,190,0.03
31948,Wölbling,4796,1.86
31949,Gablitz,9025,1.82
31950,Mauerbach,7174,1.93
31951,Pressbaum,14096,1.89
31952,Purkersdorf,18255,1.89
31953,Tullnerbach,5323,1.93
31954,Wolfsgraben,3131,1.84
32001,Gaming,11037,3.47
32002,Göstling an der Ybbs,9080,4.38
32003,Gresten,5542,2.78
32004,Gresten-Land,5468,3.56
32005,Lunz am See,8687,4.77
32006,Oberndorf an der Melk,9686,3.29
32007,Puchenstuben,1943,6.17
32008,Purgstall an der Erlauf,16988,3.16
32009,Randegg,5468,2.86
32010,Reinsberg,5468,5.41
32011,Sankt Anton an der Jeßnitz,6242,5.18
32012,Sankt Georgen an der Leys,5468,4.12
32013,Scheibbs,37846,8.96
32014,Steinakirchen am Forst,7350,3.22
32015,Wang,5468,4.08
32016,Wieselburg,11037,2.78
32017,Wieselburg-Land,10420,3.18
32018,Wolfpassing,5722,3.6
32101,Absdorf,3285,1.62
32104,Atzenbrugg,5082,1.76
32106,Fels am Wagram,4041,1.79
32107,Grafenwörth,9184,2.94
32109,Großriedenthal,1675,1.81
32110,Großweikersdorf,5586,1.77
32112,Judenau-Baumgarten,3749,1.66
32114,Kirchberg am Wagram,6251,1.72
32115,Königsbrunn am Wagram,2346,1.77
32116,Königstetten,4763,2.02
32119,Langenrohr,4037,1.74
32120,Michelhausen,4883,1.6
32131,Sieghartskirchen,13772,1.85
32132,Sitzenberg-Reidling,0,0
32134,Tulbing,5907,2.01
32135,Tulln an der Donau,0,0
32139,Würmla,2529,1.82
32140,Zeiselmauer-Wolfpassing,4584,2
32141,Zwentendorf an der Donau,8768,2.18
32142,Sankt Andrä-Wördern,0,0
32143,Muckendorf-Wipfing,2943,1.98
32144,Klosterneuburg,0,0
32202,Dietmanns,2734,2.54
32203,Dobersberg,2881,1.75
32206,Gastern,3199,2.63
32207,Groß-Siegharts,4540,1.63
32209,Karlstein an der Thaya,2734,1.82
32210,Kautzen,2930,2.54
32212,Ludweis-Aigen,1755,1.86
32214,Pfaffenschlag bei Waidhofen an der Thaya,1632,1.79
32216,Raabs an der Thaya,4650,1.74
32217,Thaya,2807,2.01
32219,Vitis,4540,1.7
32220,Waidhofen an der Thaya,8471,1.5
32221,Waidhofen an der Thaya-Land,2520,1.99
32222,Waldkirchen an der Thaya,1828,3.44
32223,Windigsteig,1632,1.69
32301,Bad Fischau-Brunn,4550,1.35
32302,Bad Schönau,1415,1.97
32304,Ebenfurth,4363,1.4
32305,Eggendorf,6741,1.41
32306,Bad Erlach,4205,1.38
32307,Felixdorf,6392,1.47
32308,Gutenstein,1909,1.45
32309,Hochneukirchen-Gschaidt,2622,1.6
32310,Hochwolkersdorf,1520,1.51
32311,Hohe Wand,147,0.1
32312,Hollenthon,1788,1.74
32313,Katzelsdorf,4728,1.44
32314,Kirchschlag in der Buckligen Welt,4721,1.63
32315,Krumbach,3909,1.69
32316,Lanzenkirchen,5753,1.46
32317,Lichtenegg,2366,2.27
32318,Lichtenwörth,4258,1.56
32319,Markt Piesting,4565,1.52
32320,Matzendorf-Hölles,3051,1.53
32321,Miesenbach,1042,1.48
32322,Muggendorf,852,1.6
32323,Pernitz,4995,2.02
32324,Rohr im Gebirge,699,1.48
32325,Bromberg,1831,1.5
32326,Schwarzenbach,1471,1.56
32327,Sollenau,7318,1.47
32330,Theresienfeld,4436,1.33
32331,Waidmannsfeld,2892,1.91
32332,Waldegg,3327,1.63
32333,Walpersbach,1640,1.48
32334,Weikersdorf am Steinfelde,1567,1.45
32335,Wiesmath,2862,1.89
32336,Winzendorf-Muthmannsdorf,2865,1.5
32337,Wöllersdorf-Steinabrückl,6289,1.45
32338,Zillingdorf,6176,3.02
32501,Allentsteig,2589,1.38
32502,Arbesbach,2589,1.56
32503,Bärnkopf,1010,2.89
32504,Echsenbach,2589,2.08
32505,Göpfritz an der Wild,2614,1.42
32506,Grafenschlag,2317,2.64
32508,Groß Gerungs,4378,0.97
32509,Großgöttfritz,2687,1.96
32511,Gutenbrunn,1461,2.78
32514,Kirchschlag,1461,2.33
32515,Kottes-Purk,2878,1.97
32516,Langschlag,3405,1.88
32517,Martinsberg,2663,2.38
32518,Ottenschlag,1461,1.45
32519,Altmelon,1418,1.65
32520,Pölla,1534,1.61
32521,Rappottenstein,2787,1.63
32522,Sallingberg,2589,1.99
32523,Schönbach,1584,1.95
32524,Schwarzenau,2712,1.78
32525,Schweiggers,2663,1.31
32528,Bad Traunstein,2589,2.49
32529,Waldhausen,3050,2.45
32530,Zwettl-Niederösterreich,7186,0.65
40101,Linz,1642652,8.09
40201,Steyr,101250,2.64
40301,Wels,81420,1.34
40401,Altheim,0,0
40402,Aspach,0,0
40403,Auerbach,0,0
40404,Braunau am Inn,0,0
40405,Burgkirchen,0,0
40406,Eggelsberg,0,0
40407,Feldkirchen bei Mattighofen,0,0
40408,Franking,0,0
40409,Geretsberg,0,0
40410,Gilgenberg am Weilhart,0,0
40411,Haigermoos,0,0
40412,Handenberg,0,0
40413,Helpfau-Uttendorf,0,0
40414,Hochburg-Ach,0,0
40415,Höhnhart,0,0
40416,Jeging,0,0
40417,Kirchberg bei Mattighofen,0,0
40418,Lengau,0,0
40419,Lochen am See,0,0
40420,Maria Schmolln,0,0
40421,Mattighofen,0,0
40422,Mauerkirchen,0,0
40423,Mining,0,0
40424,Moosbach,310,0.31
40425,Moosdorf,0,0
40426,Munderfing,0,0
40427,Neukirchen an der Enknach,0,0
40428,Ostermiething,0,0
40429,Palting,0,0
40430,Perwang am Grabensee,0,0
40431,Pfaffstätt,0,0
40432,Pischelsdorf am Engelbach,0,0
40433,Polling im Innkreis,0,0
40434,Roßbach,0,0
40435,Sankt Georgen am Fillmannsbach,0,0
40436,Sankt Johann am Walde,0,0
40437,Sankt Pantaleon,0,0
40438,Sankt Peter am Hart,0,0
40439,Sankt Radegund,1296,2.21
40440,Sankt Veit im Innkreis,0,0
40441,Schalchen,0,0
40442,Schwand im Innkreis,0,0
40443,Tarsdorf,0,0
40444,Treubach,0,0
40445,Überackern,0,0
40446,Weng im Innkreis,0,0
40501,Alkoven,0,0
40502,Aschach an der Donau,1299,0.59
40503,Eferding,0,0
40504,Fraham,0,0
40505,Haibach ob der Donau,0,0
40506,Hartkirchen,0,0
40507,Hinzenbach,0,0
40508,Prambachkirchen,0,0
40509,Pupping,0,0
40510,Sankt Marienkirchen an der Polsenz,0,0
40511,Scharten,0,0
40512,Stroheim,0,0
40601,Freistadt,0,0
40602,Grünbach,0,0
40603,Gutau,0,0
40604,Hagenberg im Mühlkreis,0,0
40605,Hirschbach im Mühlkreis,0,0
40606,Kaltenberg,0,0
40607,Kefermarkt,0,0
40608,Königswiesen,0,0
40609,Lasberg,0,0
40610,Leopoldschlag,0,0
40611,Liebenau,0,0
40612,Neumarkt im Mühlkreis,0,0
40613,Pierbach,0,0
40614,Pregarten,0,0
40615,Rainbach im Mühlkreis,0,0
40616,Sandl,0,0
40617,Sankt Leonhard bei Freistadt,0,0
40618,Sankt Oswald bei Freistadt,0,0
40619,Schönau im Mühlkreis,0,0
40620,Tragwein,0,0
40621,Unterweißenbach,0,0
40622,Unterweitersdorf,0,0
40623,Waldburg,0,0
40624,Wartberg ob der Aist,0,0
40625,Weitersfelden,0,0
40626,Windhaag bei Freistadt,0,0
40627,Bad Zell,0,0
40701,Altmünster,0,0
40702,Bad Goisern am Hallstättersee,0,0
40703,Bad Ischl,0,0
40704,Ebensee,0,0
40705,Gmunden,0,0
40706,Gosau,0,0
40707,Grünau im Almtal,0,0
40708,Gschwandt,0,0
40709,Hallstatt,0,0
40710,Kirchham,0,0
40711,Laakirchen,0,0
40712,Obertraun,150,0.21
40713,Ohlsdorf,0,0
40714,Pinsdorf,0,0
40715,Roitham,0,0
40716,Sankt Konrad,0,0
40717,Sankt Wolfgang im Salzkammergut,0,0
40718,Traunkirchen,0,0
40719,Scharnstein,0,0
40720,Vorchdorf,15,0
40801,Aistersheim,0,0
40802,Bad Schallerbach,5450,1.34
40804,Eschenau im Hausruckkreis,0,0
40805,Gallspach,1869,0.68
40806,Gaspoltshofen,1895,0.53
40807,Geboltskirchen,0,0
40808,Grieskirchen,15071,3.01
40809,Haag am Hausruck,0,0
40810,Heiligenberg,0,0
40811,Hofkirchen an der Trattnach,0,0
40812,Kallham,0,0
40813,Kematen am Innbach,0,0
40814,Meggenhofen,0,0
40815,Michaelnbach,0,0
40816,Natternbach,0,0
40817,Neukirchen am Walde,999,0.62
40818,Neumarkt im Hausruckkreis,0,0
40820,Pötting,0,0
40821,Pollham,0,0
40822,Pram,0,0
40823,Rottenbach,0,0
40824,Sankt Agatha,0,0
40825,Sankt Georgen bei Grieskirchen,0,0
40826,Sankt Thomas,0,0
40827,Schlüßlberg,0,0
40828,Steegen,0,0
40829,Taufkirchen an der Trattnach,0,0
40830,Tollet,0,0
40831,Waizenkirchen,0,0
40832,Wallern an der Trattnach,0,0
40833,Weibern,0,0
40834,Wendling,0,0
40835,Peuerbach,0,0
40901,Edlbach,0,0
40902,Grünburg,0,0
40903,Hinterstoder,0,0
40904,Inzersdorf im Kremstal,0,0
40905,Kirchdorf an der Krems,0,0
40906,Klaus an der Pyhrnbahn,0,0
40907,Kremsmünster,0,0
40908,Micheldorf in Oberösterreich,0,0
40909,Molln,0,0
40910,Nußbach,2,0
40911,Oberschlierbach,0,0
40912,Pettenbach,0,0
40913,Ried im Traunkreis,0,0
40914,Rosenau am Hengstpaß,0,0
40915,Roßleithen,0,0
40916,Sankt Pankraz,0,0
40917,Schlierbach,0,0
40918,Spital am Pyhrn,0,0
40919,Steinbach am Ziehberg,0,0
40920,Steinbach an der Steyr,0,0
40921,Vorderstoder,0,0
40922,Wartberg an der Krems,0,0
40923,Windischgarsten,0,0
41001,Allhaming,0,0
41002,Ansfelden,0,0
41003,Asten,0,0
41004,Eggendorf im Traunkreis,0,0
41005,Enns,0,0
41006,Hargelsberg,0,0
41007,Hörsching,4890,0.82
41008,Hofkirchen im Traunkreis,0,0
41009,Kematen an der Krems,0,0
41010,Kirchberg-Thening,0,0
41011,Kronstorf,2065,0.61
41012,Leonding,1332,0.05
41013,Sankt Florian,2976,0.49
41014,Neuhofen an der Krems,0,0
41015,Niederneukirchen,0,0
41016,Oftering,0,0
41017,Pasching,15875,2.13
41018,Piberbach,0,0
41019,Pucking,0,0
41020,Sankt Marien,0,0
41021,Traun,0,0
41022,Wilhering,0,0
41101,Allerheiligen im Mühlkreis,0,0
41102,Arbing,0,0
41103,Baumgartenberg,0,0
41104,Dimbach,0,0
41105,Grein,0,0
41106,Katsdorf,0,0
41107,Klam,0,0
41108,Bad Kreuzen,0,0
41109,Langenstein,0,0
41110,Luftenberg an der Donau,0,0
41111,Mauthausen,14710,3.01
41112,Mitterkirchen im Machland,0,0
41113,Münzbach,0,0
41114,Naarn im Machlande,625,0.17
41115,Pabneukirchen,0,0
41116,Perg,240,0.03
41117,Rechberg,0,0
41118,Ried in der Riedmark,0,0
41119,Sankt Georgen am Walde,0,0
41120,Sankt Georgen an der Gusen,16080,4.05
41121,Sankt Nikola an der Donau,0,0
41122,Sankt Thomas am Blasenstein,0,0
41123,Saxen,0,0
41124,Schwertberg,1065,0.2
41125,Waldhausen im Strudengau,0,0
41126,Windhaag bei Perg,0,0
41201,Andrichsfurt,0,0
41202,Antiesenhofen,0,0
41203,Aurolzmünster,0,0
41204,Eberschwang,0,0
41205,Eitzing,0,0
41206,Geiersberg,0,0
41207,Geinberg,0,0
41208,Gurten,0,0
41209,Hohenzell,0,0
41210,Kirchdorf am Inn,0,0
41211,Kirchheim im Innkreis,0,0
41212,Lambrechten,0,0
41213,Lohnsburg am Kobernaußerwald,0,0
41214,Mehrnbach,0,0
41215,Mettmach,0,0
41216,Mörschwang,0,0
41217,Mühlheim am Inn,0,0
41218,Neuhofen im Innkreis,0,0
41219,Obernberg am Inn,0,0
41220,Ort im Innkreis,0,0
41221,Pattigham,0,0
41222,Peterskirchen,0,0
41223,Pramet,0,0
41224,Reichersberg,0,0
41225,Ried im Innkreis,59200,5.03
41226,Sankt Georgen bei Obernberg am Inn,0,0
41227,Sankt Marienkirchen am Hausruck,0,0
41228,Sankt Martin im Innkreis,0,0
41229,Schildorn,0,0
41230,Senftenbach,0,0
41231,Taiskirchen im Innkreis,0,0
41232,Tumeltsham,0,0
41233,Utzenaich,0,0
41234,Waldzell,0,0
41235,Weilbach,0,0
41236,Wippenham,0,0
41301,Afiesl,0,0
41302,Ahorn,0,0
41304,Altenfelden,0,0
41305,Arnreit,0,0
41306,Atzesberg,0,0
41307,Auberg,0,0
41309,Haslach an der Mühl,0,0
41310,Helfenberg,0,0
41311,Hörbich,0,0
41312,Hofkirchen im Mühlkreis,0,0
41313,Julbach,0,0
41314,Kirchberg ob der Donau,0,0
41315,Klaffer am Hochficht,0,0
41316,Kleinzell im Mühlkreis,0,0
41317,Kollerschlag,0,0
41318,Lembach im Mühlkreis,360,0.24
41319,Lichtenau im Mühlkreis,0,0
41320,Nebelberg,0,0
41321,Neufelden,0,0
41322,Niederkappel,0,0
41323,Niederwaldkirchen,0,0
41324,Oberkappel,0,0
41325,Oepping,0,0
41326,Peilstein im Mühlviertel,0,0
41327,Pfarrkirchen im Mühlkreis,0,0
41328,Putzleinsdorf,0,0
41329,Neustift im Mühlkreis,0,0
41331,Sankt Johann am Wimberg,0,0
41332,Sankt Martin im Mühlkreis,0,0
41333,Sankt Oswald bei Haslach,0,0
41334,Sankt Peter am Wimberg,0,0
41335,Sankt Stefan am Walde,0,0
41336,Sankt Ulrich im Mühlkreis,0,0
41337,Sankt Veit im Mühlkreis,0,0
41338,Sarleinsbach,0,0
41341,Schwarzenberg am Böhmerwald,0,0
41342,Ulrichsberg,0,0
41343,Aigen-Schlägl,0,0
41344,Rohrbach-Berg,0,0
41401,Altschwendt,0,0
41402,Andorf,0,0
41403,Brunnenthal,0,0
41404,Diersbach,0,0
41405,Dorf an der Pram,0,0
41406,Eggerding,0,0
41407,Engelhartszell,0,0
41408,Enzenkirchen,0,0
41409,Esternberg,0,0
41410,Freinberg,0,0
41411,Kopfing im Innkreis,0,0
41412,Mayrhof,0,0
41413,Münzkirchen,0,0
41414,Raab,0,0
41415,Rainbach im Innkreis,0,0
41416,Riedau,0,0
41417,Sankt Aegidi,0,0
41418,Sankt Florian am Inn,0,0
41419,Sankt Marienkirchen bei Schärding,0,0
41420,Sankt Roman,0,0
41421,Sankt Willibald,0,0
41422,Schärding,0,0
41423,Schardenberg,0,0
41424,Sigharting,0,0
41425,Suben,0,0
41426,Taufkirchen an der Pram,0,0
41427,Vichtenstein,0,0
41428,Waldkirchen am Wesen,0,0
41429,Wernstein am Inn,0,0
41430,Zell an der Pram,0,0
41501,Adlwang,0,0
41502,Aschach an der Steyr,0,0
41503,Bad Hall,0,0
41504,Dietach,0,0
41505,Gaflenz,0,0
41506,Garsten,0,0
41507,Großraming,0,0
41508,Laussa,0,0
41509,Losenstein,0,0
41510,Maria Neustift,0,0
41511,Pfarrkirchen bei Bad Hall,0,0
41512,Reichraming,0,0
41513,Rohr im Kremstal,0,0
41514,Sankt Ulrich bei Steyr,0,0
41515,Schiedlberg,0,0
41516,Sierning,1723,0.18
41517,Ternberg,0,0
41518,Waldneukirchen,0,0
41521,Wolfern,0,0
41522,Weyer,0,0
41601,Alberndorf in der Riedmark,155,0.04
41602,Altenberg bei Linz,0,0
41603,Bad Leonfelden,6936,1.65
41604,Eidenberg,0,0
41605,Engerwitzdorf,0,0
41606,Feldkirchen an der Donau,0,0
41607,Gallneukirchen,0,0
41608,Goldwörth,0,0
41609,Gramastetten,0,0
41610,Haibach im Mühlkreis,0,0
41611,Hellmonsödt,0,0
41612,Herzogsdorf,0,0
41613,Kirchschlag bei Linz,360,0.17
41614,Lichtenberg,0,0
41615,Oberneukirchen,0,0
41616,Ottenschlag im Mühlkreis,0,0
41617,Ottensheim,0,0
41618,Puchenau,880,0.2
41619,Reichenau im Mühlkreis,0,0
41620,Reichenthal,0,0
41621,Sankt Gotthard im Mühlkreis,0,0
41622,Schenkenfelden,0,0
41623,Sonnberg im Mühlkreis,0,0
41624,Steyregg,0,0
41626,Walding,0,0
41627,Zwettl an der Rodl,0,0
41628,Vorderweißenbach,0,0
41701,Ampflwang im Hausruckwald,0,0
41702,Attersee am Attersee,0,0
41703,Attnang-Puchheim,0,0
41704,Atzbach,0,0
41705,Aurach am Hongar,0,0
41706,Berg im Attergau,0,0
41707,Desselbrunn,0,0
41708,Fornach,0,0
41709,Frankenburg am Hausruck,0,0
41710,Frankenmarkt,0,0
41711,Gampern,0,0
41712,Innerschwand am Mondsee,0,0
41713,Lenzing,0,0
41714,Manning,0,0
41715,Mondsee,0,0
41716,Neukirchen an der Vöckla,0,0
41717,Niederthalheim,0,0
41718,Nußdorf am Attersee,0,0
41719,Oberhofen am Irrsee,0,0
41720,Oberndorf bei Schwanenstadt,0,0
41721,Oberwang,0,0
41722,Ottnang am Hausruck,0,0
41723,Pfaffing,0,0
41724,Pilsbach,0,0
41725,Pitzenberg,0,0
41726,Pöndorf,0,0
41727,Puchkirchen am Trattberg,0,0
41728,Pühret,0,0
41729,Redleiten,0,0
41730,Redlham,0,0
41731,Regau,0,0
41732,Rüstorf,0,0
41733,Rutzenham,0,0
41734,Sankt Georgen im Attergau,0,0
41735,Sankt Lorenz,0,0
41736,Schlatt,0,0
41737,Schörfling am Attersee,822,0.24
41738,Schwanenstadt,0,0
41739,Seewalchen am Attersee,0,0
41740,Steinbach am Attersee,0,0
41741,Straß im Attergau,0,0
41742,Tiefgraben,0,0
41743,Timelkam,1704,0.29
41744,Ungenach,0,0
41745,Unterach am Attersee,0,0
41746,Vöcklabruck,0,0
41747,Vöcklamarkt,0,0
41748,Weißenkirchen im Attergau,0,0
41749,Weyregg am Attersee,0,0
41750,Wolfsegg am Hausruck,0,0
41751,Zell am Moos,0,0
41752,Zell am Pettenfirst,0,0
41801,Aichkirchen,0,0
41802,Bachmanning,0,0
41803,Bad Wimsbach-Neydharting,0,0
41804,Buchkirchen,0,0
41805,Eberstalzell,0,0
41806,Edt bei Lambach,0,0
41807,Fischlham,0,0
41808,Gunskirchen,0,0
41809,Holzhausen,360,0.38
41810,Krenglbach,0,0
41811,Lambach,0,0
41812,Marchtrenk,0,0
41813,Neukirchen bei Lambach,0,0
41814,Offenhausen,0,0
41815,Pennewang,0,0
41816,Pichl bei Wels,0,0
41817,Sattledt,0,0
41818,Schleißheim,0,0
41819,Sipbachzell,0,0
41820,Stadl-Paura,0,0
41821,Steinerkirchen an der Traun,0,0
41822,Steinhaus,0,0
41823,Thalheim bei Wels,0,0
41824,Weißkirchen an der Traun,0,0
50101,Salzburg,516700,3.39
50201,Abtenau,2616,0.45
50202,Adnet,0,0
50203,Annaberg-Lungötz,1112,0.5
50204,Golling an der Salzach,1162,0.28
50205,Hallein,0,0
50206,Krispl,567,0.63
50207,Kuchl,4285,0.6
50208,Oberalm,0,0
50209,Puch bei Hallein,0,0
50210,Rußbach am Paß Gschütt,196,0.25
50211,Sankt Koloman,0,0
50212,Scheffau am Tennengebirge,0,0
50213,Bad Vigaun,0,0
50301,Anif,1199,0.29
50302,Anthering,0,0
50303,Bergheim,2289,0.43
50304,Berndorf bei Salzburg,1112,0.66
50305,Bürmoos,0,0
50306,Dorfbeuern,0,0
50307,Ebenau,567,0.39
50308,Elixhausen,1668,0.57
50309,Elsbethen,0,0
50310,Eugendorf,0,0
50311,Faistenau,1657,0.54
50312,Fuschl am See,567,0.38
50313,Göming,196,0.25
50314,Grödig,0,0
50315,Großgmain,1956,0.76
50316,Hallwang,0,0
50317,Henndorf am Wallersee,2792,0.57
50318,Hintersee,0,0
50319,Hof bei Salzburg,0,0
50320,Köstendorf,0,0
50321,Koppl,1657,0.49
50322,Lamprechtshausen,1831,0.46
50323,Mattsee,1917,0.59
50324,Neumarkt am Wallersee,0,0
50325,Nußdorf am Haunsberg,0,0
50326,Oberndorf bei Salzburg,0,0
50327,Obertrum am See,0,0
50328,Plainfeld,567,0.46
50329,Sankt Georgen bei Salzburg,729,0.25
50330,Sankt Gilgen,0,0
50331,Schleedorf,0,0
50332,Seeham,0,0
50335,Straßwalchen,2071,0.28
50336,Strobl,0,0
50337,Thalgau,2725,0.46
50338,Wals-Siezenheim,2725,0.21
50339,Seekirchen am Wallersee,0,0
50401,Altenmarkt im Pongau,2761,0.68
50402,Bad Hofgastein,2865,0.41
50403,Bad Gastein,0,0
50404,Bischofshofen,0,0
50405,Dorfgastein,1242,0.76
50406,Eben im Pongau,0,0
50407,Filzmoos,0,0
50408,Flachau,1657,0.6
50409,Forstau,196,0.37
50410,Goldegg,916,0.36
50411,Großarl,0,0
50412,Hüttau,850,0.55
50413,Hüttschlag,0,0
50414,Kleinarl,0,0
50415,Mühlbach am Hochkönig,1112,0.75
50416,Pfarrwerfen,0,0
50417,Radstadt,2289,0.47
50418,Sankt Johann im Pongau,0,0
50419,Sankt Martin am Tennengebirge,1701,1.04
50420,Sankt Veit im Pongau,2419,0.65
50421,Schwarzach im Pongau,4572,1.29
50422,Untertauern,0,0
50423,Wagrain,3430,1.11
50424,Werfen,0,0
50425,Werfenweng,436,0.44
50501,Göriach,196,0.56
50502,Lessach,0,0
50503,Mariapfarr,0,0
50504,Mauterndorf,1112,0.67
50505,Muhr,560,1.09
50506,Ramingstein,567,0.52
50507,Sankt Andrä im Lungau,196,0.26
50508,Sankt Margarethen im Lungau,456,0.61
50509,Sankt Michael im Lungau,0,0
50510,Tamsweg,2725,0.48
50511,Thomatal,87,0.27
50512,Tweng,196,0.69
50513,Unternberg,567,0.55
50514,Weißpriach,0,0
50515,Zederhaus,1122,0.93
50601,Bramberg am Wildkogel,1962,0.5
50602,Bruck an der Großglocknerstraße,2289,0.49
50603,Dienten am Hochkönig,0,0
50604,Fusch an der Großglocknerstraße,196,0.28
50605,Hollersbach im Pinzgau,567,0.47
50606,Kaprun,0,0
50607,Krimml,567,0.69
50608,Lend,0,0
50609,Leogang,0,0
50610,Lofer,1112,0.54
50611,Maishofen,2136,0.6
50612,Maria Alm am Steinernen Meer,0,0
50613,Mittersill,0,0
50614,Neukirchen am Großvenediger,1134,0.45
50615,Niedernsill,0,0
50616,Piesendorf,0,0
50617,Rauris,654,0.21
50618,Saalbach-Hinterglemm,0,0
50619,Saalfelden am Steinernen Meer,0,0
50620,Sankt Martin bei Lofer,685,0.6
50621,Stuhlfelden,0,0
50622,Taxenbach,1657,0.6
50623,Unken,1112,0.57
50624,Uttendorf,1657,0.57
50625,Viehhofen,0,0
50626,Wald im Pinzgau,567,0.49
50627,Weißbach bei Lofer,0,0
50628,Zell am See,2725,0.28
60101,Graz,2433898,8.57
60305,Frauental an der Laßnitz,12715,4.49
60318,Lannach,14864,4.37
60323,Pölfing-Brunn,0,0
60324,Preding,7598,4.35
60326,Sankt Josef (Weststeiermark),0,0
60329,Sankt Peter im Sulmtal,0,0
60341,Wettmannstätten,0,0
60344,Deutschlandsberg,50270,4.32
60345,Eibiswald,0,0
60346,Groß Sankt Florian,0,0
60347,Sankt Martin im Sulmtal,0,0
60348,Sankt Stefan ob Stainz,0,0
60349,Schwanberg,0,0
60350,Stainz,0,0
60351,Wies,0,0
60608,Feldkirchen bei Graz,24383,3.97
60611,Gössendorf,16617,4.24
60613,Gratkorn,33507,4.29
60617,Hart bei Graz,20451,4.14
60618,Haselsdorf-Tobelbad,5968,4.31
60619,Hausmannstätten,12954,4.08
60623,Kainbach bei Graz,0,0
60624,Kalsdorf bei Graz,26667,4.03
60626,Kumberg,15881,4.13
60628,Laßnitzhöhe,11958,4.4
60629,Lieboch,21435,4.24
60632,Peggau,0,0
60639,Sankt Bartholomä,6083,4.31
60641,Sankt Oswald bei Plankenwarth,5476,4.54
60642,Sankt Radegund bei Graz,9207,4.34
60645,Semriach,14022,4.2
60646,Stattegg,12176,4.25
60647,Stiwoll,3161,4.4
60648,Thal,9565,4.24
60651,Übelbach,8963,4.43
60653,Vasoldsberg,0,0
60654,Weinitzen,7054,2.68
60655,Werndorf,9710,4.21
60656,Wundschuh,7140,4.47
60659,Deutschfeistritz,18343,4.31
60660,Dobl-Zwaring,14179,4.02
60661,Eggersdorf bei Graz,28208,4.29
60662,Fernitz-Mellach,20586,4.33
60663,Frohnleiten,31128,4.64
60664,Gratwein-Straßengel,0,0
60665,Hitzendorf,0,0
60666,Nestelbach bei Graz,11652,4.36
60667,Raaba-Grambach,17262,3.96
60668,Sankt Marein bei Graz,0,0
60669,Seiersberg-Pirka,45496,4.12
60670,Premstätten,0,0
61001,Allerheiligen bei Wildon,6254,4.31
61002,Arnfels,4396,4.22
61007,Empersdorf,5786,4.23
61008,Gabersdorf,4868,4.01
61012,Gralla,9716,4.2
61013,Großklein,0,0
61016,Heimschuh,8730,4.4
61017,Hengsberg,0,0
61019,Kitzeck im Sausal,5564,4.54
61020,Lang,0,0
61021,Lebring-Sankt Margarethen,0,0
61024,Oberhaag,9757,4.51
61027,Ragnitz,457,0.31
61030,Sankt Andrä-Höch,7899,4.58
61032,Sankt Johann im Saggautal,0,0
61033,Sankt Nikolai im Sausal,0,0
61043,Tillmitsch,0,0
61045,Wagna,0,0
61049,Ehrenhausen an der Weinstraße,0,0
61050,Gamlitz,0,0
61051,Gleinstätten,0,0
61052,Heiligenkreuz am Waasen,0,0
61053,Leibnitz,0,0
61054,Leutschach an der Weinstraße,16473,4.41
61055,Sankt Georgen an der Stiefing,0,0
61056,Sankt Veit in der Südsteiermark,0,0
61057,Schwarzautal,10445,4.5
61058,Straß in Steiermark,20765,4.27
61059,Wildon,0,0
61101,Eisenerz,7790,1.86
61105,Kalwang,4619,4.65
61106,Kammern im Liesingtal,7276,4.5
61107,Kraubath an der Mur,5834,4.57
61108,Leoben,105980,4.25
61109,Mautern in Steiermark,9821,5.42
61110,Niklasdorf,11205,4.41
61111,Proleb,7100,4.64
61112,Radmer,0,0
61113,Sankt Michael in Obersteiermark,13432,4.37
61114,Sankt Peter-Freienstein,12131,5.13
61115,Sankt Stefan ob Leoben,0,0
61116,Traboch,6186,4.47
61118,Vordernberg,3907,3.79
61119,Wald am Schoberpaß,2678,4.58
61120,Trofaiach,50701,4.55
61203,Aigen im Ennstal,11262,4.17
61204,Altaussee,8397,4.47
61205,Altenmarkt bei Sankt Gallen,0,0
61206,Ardning,0,0
61207,Bad Aussee,21258,4.43
61213,Gröbming,12349,4.27
61215,Grundlsee,5636,4.7
61217,Haus,300,0.12
61222,Lassing,7479,4.35
61236,Ramsau am Dachstein,0,0
61243,Selzthal,7214,4.5
61247,Trieben,14921,4.4
61251,Wildalpen,2342,5
61252,Wörschach,4858,4.37
61253,Admont,0,0
61254,Aich,5133,3.95
61255,Bad Mitterndorf,22192,4.5
61256,Gaishorn am See,0,0
61257,Irdning-Donnersbachtal,0,0
61258,Landl,0,0
61259,Liezen,33616,4.11
61260,Michaelerberg-Pruggern,0,0
61261,Mitterberg-Sankt Martin,8340,4.33
61262,Öblarn,8693,4.31
61263,Rottenmann,22602,4.31
61264,Sankt Gallen,0,0
61265,Schladming,28898,4.3
61266,Sölk,6763,4.46
61267,Stainach-Pürgg,12425,4.35
61410,Mühlen,4022,4.63
61413,Niederwölz,2564,4.31
61425,Sankt Peter am Kammersberg,9057,4.38
61428,Schöder,4318,4.45
61437,Krakau,6524,4.52
61438,Murau,0,0
61439,Neumarkt in der Steiermark,22608,4.5
61440,Oberwölz,13209,4.43
61441,Ranten,5185,4.44
61442,Sankt Georgen am Kreischberg,8003,4.46
61443,Sankt Lambrecht,8761,4.63
61444,Scheifling,9529,4.48
61445,Stadl-Predlitz,7858,4.66
61446,Teufenbach-Katsch,8216,4.3
61611,Krottendorf-Gaisfeld,0,0
61612,Ligist,0,0
61615,Mooskirchen,0,0
61618,Rosental an der Kainach,0,0
61621,Sankt Martin am Wöllmißberg,0,0
61624,Stallhofen,4620,1.48
61625,Voitsberg,0,0
61626,Bärnbach,0,0
61627,Edelschrott,0,0
61628,Geistthal-Södingberg,0,0
61629,Hirschegg-Pack,4910,4.73
61630,Kainach bei Voitsberg,1600,0.97
61631,Köflach,0,0
61632,Maria Lankowitz,900,0.31
61633,Söding-Sankt Johann,0,0
61701,Albersdorf-Prebuch,0,0
61708,Fischbach,0,0
61710,Floing,0,0
61711,Gasen,0,0
61716,Markt Hartmannsdorf,0,0
61719,Hofstätten an der Raab,0,0
61727,Ludersdorf-Wilfersdorf,1080,0.47
61728,Miesenbach bei Birkfeld,0,0
61729,Mitterdorf an der Raab,0,0
61730,Mortantsch,270,0.13
61731,Naas,0,0
61740,Puch bei Weiz,0,0
61741,Ratten,0,0
61743,Rettenegg,0,0
61744,Sankt Kathrein am Hauenstein,0,0
61745,Sankt Kathrein am Offenegg,0,0
61746,Sankt Margarethen an der Raab,0,0
61748,Sinabelkirchen,0,0
61750,Strallegg,0,0
61751,Thannhausen,0,0
61756,Anger,0,0
61757,Birkfeld,0,0
61758,Fladnitz an der Teichalm,0,0
61759,Gersdorf an der Feistritz,0,0
61760,Gleisdorf,0,0
61761,Gutenberg-Stenzengreith,0,0
61762,Ilztal,0,0
61763,Passail,0,0
61764,Pischelsdorf am Kulm,0,0
61765,Sankt Ruprecht an der Raab,0,0
61766,Weiz,0,0
62007,Fohnsdorf,0,0
62008,Gaal,0,0
62010,Hohentauern,0,0
62014,Kobenz,0,0
62021,Pusterwald,0,0
62026,Sankt Georgen ob Judenburg,0,0
62032,Sankt Peter ob Judenburg,0,0
62034,Seckau,0,0
62036,Unzmarkt-Frauenburg,0,0
62038,Zeltweg,0,0
62039,Lobmingtal,7878,4.28
62040,Judenburg,0,0
62041,Knittelfeld,0,0
62042,Obdach,0,0
62043,Pöls-Oberkurzheim,0,0
62044,Pölstal,0,0
62045,Sankt Marein-Feistritz,0,0
62046,Sankt Margarethen bei Knittelfeld,0,0
62047,Spielberg,0,0
62048,Weißkirchen in Steiermark,0,0
62105,Breitenau am Hochlantsch,7977,4.64
62115,Krieglach,22872,4.32
62116,Langenwang,0,0
62125,Pernegg an der Mur,0,0
62128,Sankt Lorenzen im Mürztal,108,0.03
62131,Spital am Semmering,7079,4.57
62132,Stanz im Mürztal,8513,4.65
62135,Turnau,6960,4.52
62138,Aflenz,0,0
62139,Bruck an der Mur,77862,4.91
62140,Kapfenberg,0,0
62141,Kindberg,36979,4.55
62142,Mariazell,0,0
62143,Mürzzuschlag,38256,4.45
62144,Neuberg an der Mürz,11750,4.49
62145,Sankt Barbara im Mürztal,0,0
62146,Sankt Marein im Mürztal,0,0
62147,Thörl,0,0
62148,Tragöß-Sankt Katharein,0,0
62202,Bad Blumau,5946,3.66
62205,Buch-Sankt Magdalena,0,0
62206,Burgau,4775,4.54
62209,Ebersdorf,0,0
62211,Friedberg,0,0
62214,Greinbach,0,0
62216,Großsteinbach,5678,4.52
62219,Hartberg,0,0
62220,Hartberg Umgebung,0,0
62226,Lafnitz,0,0
62232,Ottendorf an der Rittschein,6851,4.39
62233,Pinggau,0,0
62235,Pöllauberg,0,0
62242,Sankt Jakob im Walde,0,0
62244,Sankt Johann in der Haide,0,0
62245,Sankt Lorenzen am Wechsel,0,0
62247,Schäffern,0,0
62252,Söchau,6477,4.56
62256,Stubenberg,0,0
62262,Wenigzell,0,0
62264,Bad Waltersdorf,0,0
62265,Dechantskirchen,0,0
62266,Feistritztal,0,0
62267,Fürstenfeld,37249,4.4
62268,Grafendorf bei Hartberg,0,0
62269,Großwilfersdorf,5100,2.41
62270,Hartl,0,0
62271,Ilz,0,0
62272,Kaindorf,0,0
62273,Loipersdorf bei Fürstenfeld,8567,4.52
62274,Neudau,0,0
62275,Pöllau,0,0
62276,Rohr bei Hartberg,0,0
62277,Rohrbach an der Lafnitz,0,0
62278,Vorau,0,0
62279,Waldbach-Mönichwald,0,0
62311,Edelsbach bei Feldbach,5797,4.35
62314,Eichkögl,6435,4.94
62326,Halbenrain,7894,4.5
62330,Jagerberg,7209,4.38
62332,Kapfenstein,0,0
62335,Klöch,5439,4.51
62343,Mettersdorf am Saßbach,5662,4.38
62347,Murfeld,7302,4.41
62368,Tieschen,6113,4.83
62372,Unterlamm,5532,4.44
62375,Bad Gleichenberg,23433,4.39
62376,Bad Radkersburg,14138,4.47
62377,Deutsch Goritz,8195,4.53
62378,Fehring,32370,4.41
62379,Feldbach,55429,4.16
62380,Gnas,0,0
62381,Kirchbach-Zerlach,14464,4.44
62382,Kirchberg an der Raab,0,0
62383,Mureck,16408,4.61
62384,Paldau,0,0
62385,Pirching am Traubenberg,11169,4.32
62386,Riegersburg,21855,4.45
62387,Sankt Anna am Aigen,10847,4.6
62388,Sankt Peter am Ottersbach,0,0
62389,Sankt Stefan im Rosental,17542,4.42
62390,Straden,16556,4.57
70101,Innsbruck,1024421,7.75
70201,Arzl im Pitztal,0,0
70202,Haiming,0,0
70203,Imst,0,0
70204,Imsterberg,0,0
70205,Jerzens,0,0
70206,Karres,0,0
70207,Karrösten,0,0
70208,Längenfeld,0,0
70209,Mieming,0,0
70210,Mils bei Imst,0,0
70211,Mötz,0,0
70212,Nassereith,0,0
70213,Obsteig,0,0
70214,Oetz,2000,0.84
70215,Rietz,0,0
70216,Roppen,0,0
70217,Sankt Leonhard im Pitztal,0,0
70218,Sautens,0,0
70219,Silz,0,0
70220,Sölden,0,0
70221,Stams,0,0
70222,Tarrenz,0,0
70223,Umhausen,5850,1.83
70224,Wenns,0,0
70301,Absam,704,0.1
70302,Aldrans,0,0
70303,Ampass,0,0
70304,Axams,0,0
70305,Baumkirchen,66,0.05
70306,Birgitz,0,0
70307,Ellbögen,0,0
70308,Flaurling,0,0
70309,Fritzens,560,0.27
70310,Fulpmes,0,0
70311,Gnadenwald,75,0.09
70312,Götzens,175,0.04
70313,Gries am Brenner,0,0
70314,Gries im Sellrain,100,0.16
70315,Grinzens,0,0
70317,Gschnitz,0,0
70318,Hatting,0,0
70319,Inzing,78,0.02
70320,Kematen in Tirol,1880,0.66
70322,Kolsass,0,0
70323,Kolsassberg,20,0.03
70325,Lans,0,0
70326,Leutasch,0,0
70327,Matrei am Brenner,56,0.06
70328,Mieders,240,0.13
70329,Mils,0,0
70330,Mühlbachl,48,0.03
70331,Mutters,0,0
70332,Natters,0,0
70333,Navis,0,0
70334,Neustift im Stubaital,0,0
70335,Oberhofen im Inntal,0,0
70336,Obernberg am Brenner,0,0
70337,Oberperfuss,0,0
70338,Patsch,0,0
70339,Pettnau,530,0.53
70340,Pfaffenhofen,0,0
70341,Pfons,35,0.03
70342,Polling in Tirol,0,0
70343,Ranggen,0,0
70344,Reith bei Seefeld,0,0
70345,Rinn,42,0.02
70346,Rum,0,0
70347,Sankt Sigmund im Sellrain,0,0
70348,Scharnitz,0,0
70349,Schmirn,0,0
70350,Schönberg im Stubaital,0,0
70351,Seefeld in Tirol,0,0
70352,Sellrain,696,0.52
70353,Sistrans,0,0
70354,Hall in Tirol,10500,0.76
70355,Steinach am Brenner,500,0.14
70356,Telfes im Stubai,0,0
70357,Telfs,3200,0.21
70358,Thaur,2130,0.54
70359,Trins,0,0
70360,Tulfes,0,0
70361,Unterperfuss,0,0
70362,Vals,0,0
70364,Völs,764,0.11
70365,Volders,1103,0.25
70366,Wattenberg,0,0
70367,Wattens,6700,0.85
70368,Wildermieming,0,0
70369,Zirl,1240,0.15
70401,Aurach bei Kitzbühel,561,0.5
70402,Brixen im Thale,0,0
70403,Fieberbrunn,2445,0.58
70404,Going am Wilden Kaiser,0,0
70405,Hochfilzen,0,0
70406,Hopfgarten im Brixental,873,0.15
70407,Itter,0,0
70408,Jochberg,523,0.34
70409,Kirchberg in Tirol,0,0
70410,Kirchdorf in Tirol,56,0.01
70411,Kitzbühel,2729,0.33
70412,Kössen,384,0.09
70413,Oberndorf in Tirol,0,0
70414,Reith bei Kitzbühel,0,0
70415,Sankt Jakob in Haus,0,0
70416,Sankt Johann in Tirol,5510,0.58
70417,Sankt Ulrich am Pillersee,0,0
70418,Schwendt,0,0
70419,Waidring,75,0.04
70420,Westendorf,848,0.23
70501,Alpbach,0,0
70502,Angath,0,0
70503,Bad Häring,825,0.3
70504,Brandenberg,0,0
70505,Breitenbach am Inn,1534,0.44
70506,Brixlegg,965,0.33
70508,Ebbs,2450,0.44
70509,Ellmau,130,0.05
70510,Erl,0,0
70511,Kirchbichl,2287,0.4
70512,Kramsach,0,0
70513,Kufstein,10500,0.55
70514,Kundl,6100,1.42
70515,Langkampfen,1334,0.33
70516,Mariastein,0,0
70517,Münster,0,0
70518,Niederndorf,0,0
70519,Niederndorferberg,0,0
70520,Radfeld,1000,0.41
70521,Rattenberg,0,0
70522,Reith im Alpbachtal,0,0
70523,Rettenschöss,0,0
70524,Scheffau am Wilden Kaiser,0,0
70525,Schwoich,640,0.26
70526,Söll,0,0
70527,Thiersee,0,0
70528,Angerberg,0,0
70529,Walchsee,14,0.01
70530,Wildschönau,0,0
70531,Wörgl,15261,1.13
70601,Faggen,0,0
70602,Fendels,0,0
70603,Fiss,0,0
70604,Fließ,0,0
70605,Flirsch,0,0
70606,Galtür,0,0
70607,Grins,0,0
70608,Ischgl,1817,1.15
70609,Kappl,0,0
70610,Kaunerberg,0,0
70611,Kaunertal,0,0
70612,Kauns,0,0
70613,Ladis,0,0
70614,Landeck,0,0
70615,Nauders,0,0
70616,Pettneu am Arlberg,0,0
70617,Pfunds,0,0
70618,Pians,0,0
70619,Prutz,0,0
70620,Ried im Oberinntal,0,0
70621,Sankt Anton am Arlberg,0,0
70622,Schönwies,0,0
70623,See,0,0
70624,Serfaus,7494,6.76
70625,Spiss,0,0
70626,Stanz bei Landeck,0,0
70627,Strengen,0,0
70628,Tobadill,0,0
70629,Tösens,0,0
70630,Zams,0,0
70701,Abfaltersbach,91,0.14
70702,Ainet,0,0
70703,Amlach,51,0.11
70704,Anras,403,0.33
70705,Assling,281,0.16
70706,Außervillgraten,125,0.16
70707,Dölsach,173,0.08
70708,Gaimberg,180,0.22
70709,Hopfgarten in Defereggen,98,0.14
70710,Innervillgraten,157,0.17
70711,Iselsberg-Stronach,0,0
70712,Kals am Großglockner,175,0.15
70713,Kartitsch,111,0.14
70714,Lavant,36,0.11
70715,Leisach,0,0
70716,Lienz,1063,0.09
70717,Matrei in Osttirol,0,0
70718,Nikolsdorf,4148,4.56
70719,Nußdorf-Debant,378,0.12
70720,Oberlienz,176,0.12
70721,Obertilliach,111,0.16
70723,Prägraten am Großvenediger,184,0.16
70724,Sankt Jakob in Defereggen,0,0
70725,Sankt Johann im Walde,0,0
70726,Sankt Veit in Defereggen,0,0
70727,Schlaiten,0,0
70728,Sillian,252,0.12
70729,Strassen,0,0
70731,Thurn,83,0.14
70732,Tristach,166,0.12
70733,Untertilliach,30,0.13
70734,Virgen,268,0.12
70735,Heinfels,0,0
70801,Bach,0,0
70802,Berwang,0,0
70803,Biberwier,0,0
70804,Bichlbach,0,0
70805,Breitenwang,0,0
70806,Ehenbichl,0,0
70807,Ehrwald,0,0
70808,Elbigenalp,0,0
70809,Elmen,0,0
70810,Forchach,0,0
70811,Grän,0,0
70812,Gramais,0,0
70813,Häselgehr,0,0
70814,Heiterwang,0,0
70815,Hinterhornbach,0,0
70816,Höfen,0,0
70817,Holzgau,0,0
70818,Jungholz,0,0
70819,Kaisers,0,0
70820,Lechaschau,0,0
70821,Lermoos,0,0
70822,Musau,0,0
70823,Namlos,0,0
70824,Nesselwängle,0,0
70825,Pfafflar,0,0
70826,Pflach,0,0
70827,Pinswang,0,0
70828,Reutte,0,0
70829,Schattwald,0,0
70830,Stanzach,0,0
70831,Steeg,0,0
70832,Tannheim,0,0
70833,Vils,0,0
70834,Vorderhornbach,0,0
70835,Wängle,0,0
70836,Weißenbach am Lech,0,0
70837,Zöblen,0,0
70901,Achenkirch,0,0
70902,Aschau im Zillertal,0,0
70903,Brandberg,0,0
70904,Bruck am Ziller,0,0
70905,Buch in Tirol,0,0
70907,Eben am Achensee,170,0.05
70908,Finkenberg,0,0
70909,Fügen,30,0.01
70910,Fügenberg,0,0
70911,Gallzein,0,0
70912,Gerlos,0,0
70913,Gerlosberg,0,0
70914,Hainzenberg,0,0
70915,Hart im Zillertal,0,0
70916,Hippach,0,0
70917,Jenbach,0,0
70918,Kaltenbach,0,0
70920,Mayrhofen,0,0
70921,Pill,0,0
70922,Ramsau im Zillertal,0,0
70923,Ried im Zillertal,0,0
70924,Rohrberg,0,0
70925,Schlitters,0,0
70926,Schwaz,0,0
70927,Schwendau,0,0
70928,Stans,0,0
70929,Steinberg am Rofan,0,0
70930,Strass im Zillertal,0,0
70931,Stumm,0,0
70932,Stummerberg,0,0
70933,Terfens,0,0
70934,Tux,0,0
70935,Uderns,0,0
70936,Vomp,2500,0.5
70937,Weer,0,0
70938,Weerberg,0,0
70939,Wiesing,0,0
70940,Zell am Ziller,0,0
70941,Zellberg,0,0
80101,Bartholomäberg,0,0
80102,Blons,0,0
80103,Bludenz,5400,0.37
80104,Bludesch,0,0
80105,Brand,0,0
80106,Bürs,6000,1.87
80107,Bürserberg,0,0
80108,Dalaas,0,0
80109,Fontanella,0,0
80110,Gaschurn,0,0
80111,Innerbraz,0,0
80112,Klösterle,0,0
80113,Lech,0,0
80114,Lorüns,0,0
80115,Ludesch,3200,0.93
80116,Nenzing,0,0
80117,Nüziders,0,0
80118,Raggal,0,0
80119,Sankt Anton im Montafon,0,0
80120,Sankt Gallenkirch,0,0
80121,Sankt Gerold,0,0
80122,Schruns,0,0
80123,Silbertal,0,0
80124,Sonntag,0,0
80125,Stallehr,0,0
80126,Thüringen,0,0
80127,Thüringerberg,0,0
80128,Tschagguns,0,0
80129,Vandans,0,0
80201,Alberschwende,0,0
80202,Andelsbuch,0,0
80203,Au,0,0
80204,Bezau,0,0
80205,Bildstein,0,0
80206,Bizau,0,0
80207,Bregenz,0,0
80208,Buch,0,0
80209,Damüls,0,0
80210,Doren,0,0
80211,Egg,2100,0.6
80212,Eichenberg,0,0
80213,Fußach,0,0
80214,Gaißau,0,0
80215,Hard,0,0
80216,Hittisau,0,0
80217,Höchst,0,0
80218,Hörbranz,0,0
80219,Hohenweiler,0,0
80220,Kennelbach,0,0
80221,Krumbach,0,0
80222,Langen bei Bregenz,0,0
80223,Langenegg,0,0
80224,Lauterach,0,0
80225,Lingenau,0,0
80226,Lochau,6430,1.12
80227,Mellau,0,0
80228,Mittelberg,0,0
80229,Möggers,0,0
80230,Reuthe,0,0
80231,Riefensberg,0,0
80232,Schnepfau,0,0
80233,Schoppernau,0,0
80234,Schröcken,0,0
80235,Schwarzach,0,0
80236,Schwarzenberg,0,0
80237,Sibratsgfäll,0,0
80238,Sulzberg,0,0
80239,Warth,0,0
80240,Wolfurt,0,0
80301,Dornbirn,35568,0.73
80302,Hohenems,0,0
80303,Lustenau,0,0
80401,Altach,0,0
80402,Düns,0,0
80403,Dünserberg,1000,6.58
80404,Feldkirch,0,0
80405,Frastanz,24700,3.82
80406,Fraxern,0,0
80407,Göfis,11907,3.6
80408,Götzis,0,0
80409,Klaus,0,0
80410,Koblach,0,0
80411,Laterns,0,0
80412,Mäder,0,0
80413,Meiningen,0,0
80414,Rankweil,0,0
80415,Röns,0,0
80416,Röthis,0,0
80417,Satteins,12095,4.58
80418,Schlins,1500,0.63
80419,Schnifis,0,0
80420,Sulz,0,0
80421,Übersaxen,0,0
80422,Viktorsberg,0,0
80423,Weiler,6792,3.25
80424,Zwischenwasser,9879,3.1
90001,Wien,0,0
